No.,factorId,因子名,因子色,分類,備考,skillId
1,factor_000001,スピード,blue,status,,
2,factor_000002,スタミナ,blue,status,,
3,factor_000003,パワー,blue,status,,
4,factor_000004,根性,blue,status,,
5,factor_000005,賢さ,blue,status,,
6,factor_000006,芝,red,aptitude,,
7,factor_000007,ダート,red,aptitude,,
8,factor_000008,短距離,red,aptitude,,
9,factor_000009,マイル,red,aptitude,,
10,factor_000010,中距離,red,aptitude,,
11,factor_000011,長距離,red,aptitude,,
12,factor_000012,逃げ,red,aptitude,,
13,factor_000013,先行,red,aptitude,,
14,factor_000014,差し,red,aptitude,,
15,factor_000015,追込,red,aptitude,,
16,factor_000016,継承固有,green,unique,,
17,factor_000017,芝の遺伝子,white,gene,,
18,factor_000018,ダートの遺伝子,white,gene,,
19,factor_000019,短距離の遺伝子,white,gene,,
20,factor_000020,マイルの遺伝子,white,gene,,
21,factor_000021,中距離の遺伝子,white,gene,,
22,factor_000022,長距離の遺伝子,white,gene,,
23,factor_000023,逃げの遺伝子,white,gene,,
24,factor_000024,先行の遺伝子,white,gene,,
25,factor_000025,差しの遺伝子,white,gene,,
26,factor_000026,追込の遺伝子,white,gene,,
27,factor_000027,URAシナリオ,white,scenario,,
28,factor_000028,アオハル杯シナリオ,white,scenario,,
29,factor_000029,クライマックスシナリオ,white,scenario,,
30,factor_000030,グランドライブシナリオ,white,scenario,,
31,factor_000031,グランドマスターズシナリオ,white,scenario,,
32,factor_000032,L'Arcシナリオ,white,scenario,,
33,factor_000033,L'Arc・海外洋芝適性,white,scenario,,
34,factor_000034,L'Arc・ロンシャン適性,white,scenario,,
35,factor_000035,L'Arc・生活リズム,white,scenario,,
36,factor_000036,L'Arc・栄養管理,white,scenario,,
37,factor_000037,L'Arc・フランス語力,white,scenario,,
38,factor_000038,L'Arc・海外遠征,white,scenario,,
39,factor_000039,L'Arc・強心臓,white,scenario,,
40,factor_000040,L'Arc・精神力,white,scenario,,
41,factor_000041,L'Arcの希望,white,scenario,コーナー巧者〇Lv1も取得可能,
42,factor_000042,凱旋門賞連覇の夢,white,scenario,下り坂巧者Lv1も取得可能,
43,factor_000043,U.A.F.シナリオ・スフィア,white,scenario,,
44,factor_000044,U.A.F.シナリオ・ファイト,white,scenario,,
45,factor_000045,U.A.F.シナリオ・フリー,white,scenario,,
46,factor_000046,豊食祭シナリオ・にんじん,white,scenario,,
47,factor_000047,豊食祭シナリオ・にんにく,white,scenario,,
48,factor_000048,豊食祭シナリオ・じゃがいも,white,scenario,,
49,factor_000049,豊食祭シナリオ・唐辛子,white,scenario,,
50,factor_000050,豊食祭シナリオ・いちご,white,scenario,,
51,factor_000051,メカウマ娘シナリオ・SPD,white,scenario,,
52,factor_000052,メカウマ娘シナリオ・STM,white,scenario,,
53,factor_000053,メカウマ娘シナリオ・POW,white,scenario,,
54,factor_000054,メカウマ娘シナリオ・GUTS,white,scenario,,
55,factor_000055,メカウマ娘シナリオ・WIT,white,scenario,,
56,factor_000056,Legendsシナリオ,white,scenario,,
57,factor_000057,無人島シナリオ,white,scenario,,
58,factor_000058,温泉郷シナリオ,white,scenario,,
59,factor_000059,Dreamsシナリオ,white,scenario,,
60,factor_000060,トレセン軒シナリオ,white,scenario,,
61,factor_000061,フェブラリーS,white,race,,
62,factor_000062,高松宮記念,white,race,,
63,factor_000063,大阪杯,white,race,,
64,factor_000064,桜花賞,white,race,,
65,factor_000065,皐月賞,white,race,,
66,factor_000066,天皇賞（春）,white,race,,
67,factor_000067,NHKマイルC,white,race,,
68,factor_000068,ヴィクトリアマイル,white,race,,
69,factor_000069,オークス,white,race,,
70,factor_000070,日本ダービー,white,race,,
71,factor_000071,安田記念,white,race,,
72,factor_000072,宝塚記念,white,race,,
73,factor_000073,スプリンターズS,white,race,,
74,factor_000074,秋華賞,white,race,,
75,factor_000075,菊花賞,white,race,,
76,factor_000076,天皇賞（秋）,white,race,,
77,factor_000077,エリザベス女王杯,white,race,,
78,factor_000078,マイルCS,white,race,,
79,factor_000079,ジャパンC,white,race,,
80,factor_000080,チャンピオンズC,white,race,,
81,factor_000081,阪神JF,white,race,,
82,factor_000082,朝日杯FS,white,race,,
83,factor_000083,有馬記念,white,race,,
84,factor_000084,ホープフルS,white,race,,
85,factor_000085,帝王賞,white,race,,
86,factor_000086,JDダービー,white,race,,
87,factor_000087,JBCLクラシック,white,race,,
88,factor_000088,JBCスプリント,white,race,,
89,factor_000089,JBCクラシック,white,race,,
90,factor_000090,東京大賞典,white,race,,
91,factor_000091,マイルCS南部杯,white,race,,
92,factor_000092,かしわ記念,white,race,,
93,factor_000093,全日本ジュニア優駿,white,race,,
94,factor_000094,川崎記念,white,race,,
95,factor_000095,凱旋門賞,white,race,,
96,factor_000096,BC・サンタアニタパーク,white,race,,
97,factor_000097,BC・デルマー,white,race,,
98,factor_000098,右回り○,white,skill,,
99,factor_000099,左回り○,white,skill,,
100,factor_000100,東京レース場○,white,skill,,
101,factor_000101,中山レース場○,white,skill,,
102,factor_000102,阪神レース場○,white,skill,,
103,factor_000103,京都レース場○,white,skill,,
104,factor_000104,中京レース場○,white,skill,,
105,factor_000105,札幌レース場○,white,skill,,
106,factor_000106,函館レース場○,white,skill,,
107,factor_000107,福島レース場○,white,skill,,
108,factor_000108,新潟レース場○,white,skill,,
109,factor_000109,小倉レース場○,white,skill,,
110,factor_000110,根幹距離○,white,skill,,
111,factor_000111,非根幹距離○,white,skill,,
112,factor_000112,良バ場○,white,skill,,
113,factor_000113,道悪○,white,skill,,
114,factor_000114,春ウマ娘○,white,skill,,
115,factor_000115,夏ウマ娘○,white,skill,,
116,factor_000116,秋ウマ娘○,white,skill,,
117,factor_000117,冬ウマ娘○,white,skill,,
118,factor_000118,晴れの日○,white,skill,,
119,factor_000119,曇りの日○,white,skill,,
120,factor_000120,雨の日○,white,skill,,
121,factor_000121,雪の日○,white,skill,,
122,factor_000122,内枠得意○,white,skill,,
123,factor_000123,外枠得意○,white,skill,,
124,factor_000124,おひとり様○,white,skill,,
125,factor_000125,対抗意識○,white,skill,,
126,factor_000126,徹底マーク○,white,skill,,
127,factor_000127,伏兵○,white,skill,,
128,factor_000128,コーナー巧者○,white,skill,,
129,factor_000129,コーナー加速○,white,skill,,
130,factor_000130,コーナー回復○,white,skill,,
131,factor_000131,直線巧者,white,skill,,
132,factor_000132,直線加速,white,skill,,
133,factor_000133,直線回復,white,skill,,
134,factor_000134,集中力,white,skill,,
135,factor_000135,隠れ蓑,white,skill,,
136,factor_000136,ポジションセンス,white,skill,,
137,factor_000137,ペースアップ,white,skill,,
138,factor_000138,ペースキープ,white,skill,,
139,factor_000139,ウマ込み冷静,white,skill,,
140,factor_000140,垂れウマ回避,white,skill,,
141,factor_000141,臨機応変,white,skill,,
142,factor_000142,末脚,white,skill,,
143,factor_000143,先駆け,white,skill,,
144,factor_000144,急ぎ足,white,skill,,
145,factor_000145,押し切り準備,white,skill,,
146,factor_000146,スタミナキープ,white,skill,,
147,factor_000147,好位追走,white,skill,,
148,factor_000148,抜け出し準備,white,skill,,
149,factor_000149,位置取り押し上げ,white,skill,,
150,factor_000150,差し切り体勢,white,skill,,
151,factor_000151,外差し準備,white,skill,,
152,factor_000152,後方待機,white,skill,,
153,factor_000153,仕掛け抜群,white,skill,,
154,factor_000154,直線一気,white,skill,,
155,factor_000155,スプリントギア,white,skill,,
156,factor_000156,様子見,white,skill,,
157,factor_000157,詰め寄り,white,skill,,
158,factor_000158,積極策,white,skill,,
159,factor_000159,展開窺い,white,skill,,
160,factor_000160,上昇気流,white,skill,,
161,factor_000161,前途洋々,white,skill,,
162,factor_000162,テンポアップ,white,skill,,
163,factor_000163,食い下がり,white,skill,,
164,factor_000164,深呼吸,white,skill,,
165,factor_000165,内弁慶,white,skill,,
166,factor_000166,別腹タンク,white,skill,,
167,factor_000167,トリック（前）,white,skill,,
168,factor_000168,トリック（後）,white,skill,,
169,factor_000169,逃げ駆け引き,white,skill,,
170,factor_000170,先行駆け引き,white,skill,,
171,factor_000171,差し駆け引き,white,skill,,
172,factor_000172,追込駆け引き,white,skill,,
173,factor_000173,逃げけん制,white,skill,,
174,factor_000174,逃げ焦り,white,skill,,
175,factor_000175,逃げためらい,white,skill,,
176,factor_000176,先行けん制,white,skill,,
177,factor_000177,先行焦り,white,skill,,
178,factor_000178,先行ためらい,white,skill,,
179,factor_000179,差しけん制,white,skill,,
180,factor_000180,差し焦り,white,skill,,
181,factor_000181,差しためらい,white,skill,,
182,factor_000182,追込けん制,white,skill,,
183,factor_000183,追込焦り,white,skill,,
184,factor_000184,追込ためらい,white,skill,,
185,factor_000185,大井レース場○,white,skill,,
186,factor_000186,短距離直線○,white,skill,,
187,factor_000187,短距離コーナー○,white,skill,,
188,factor_000188,大きなリード,white,skill,,
189,factor_000189,善後策,white,skill,,
190,factor_000190,仕掛け準備,white,skill,,
191,factor_000191,後方釘付,white,skill,,
192,factor_000192,抜け駆け禁止,white,skill,,
193,factor_000193,マイル直線○,white,skill,,
194,factor_000194,マイルコーナー○,white,skill,,
195,factor_000195,ギアシフト,white,skill,,
196,factor_000196,アクセラレーション,white,skill,,
197,factor_000197,負けん気,white,skill,,
198,factor_000198,スピードイーター,white,skill,,
199,factor_000199,布石,white,skill,,
200,factor_000200,中距離直線○,white,skill,,
201,factor_000201,中距離コーナー○,white,skill,,
202,factor_000202,ホークアイ,white,skill,,
203,factor_000203,イナズマステップ,white,skill,,
204,factor_000204,軽やかステップ,white,skill,,
205,factor_000205,束縛,white,skill,,
206,factor_000206,ささやき,white,skill,,
207,factor_000207,長距離直線○,white,skill,,
208,factor_000208,長距離コーナー○,white,skill,,
209,factor_000209,リードキープ,white,skill,,
210,factor_000210,パス上手,white,skill,,
211,factor_000211,追い上げ,white,skill,,
212,factor_000212,スタミナイーター,white,skill,,
213,factor_000213,目くらまし,white,skill,,
214,factor_000214,逃げ直線○,white,skill,,
215,factor_000215,逃げコーナー○,white,skill,,
216,factor_000216,危険回避,white,skill,,
217,factor_000217,先頭プライド,white,skill,,
218,factor_000218,勢い任せ,white,skill,,
219,factor_000219,二の矢,white,skill,,
220,factor_000220,リスタート,white,skill,,
221,factor_000221,先行直線○,white,skill,,
222,factor_000222,先行コーナー○,white,skill,,
223,factor_000223,巧みなステップ,white,skill,,
224,factor_000224,直滑降,white,skill,,
225,factor_000225,栄養補給,white,skill,,
226,factor_000226,まき直し,white,skill,,
227,factor_000227,かく乱,white,skill,,
228,factor_000228,差し直線○,white,skill,,
229,factor_000229,差しコーナー○,white,skill,,
230,factor_000230,がんばり屋,white,skill,,
231,factor_000231,十万バリキ,white,skill,,
232,factor_000232,小休憩,white,skill,,
233,factor_000233,読解力,white,skill,,
234,factor_000234,鋭い眼光,white,skill,,
235,factor_000235,追込直線○,white,skill,,
236,factor_000236,追込コーナー○,white,skill,,
237,factor_000237,お見通し,white,skill,,
238,factor_000238,下校の楽しみ,white,skill,,
239,factor_000239,冷静,white,skill,,
240,factor_000240,策士,white,skill,,
241,factor_000241,まなざし,white,skill,,
242,factor_000242,逃げのコツ○,white,skill,,
243,factor_000243,先行のコツ○,white,skill,,
244,factor_000244,差しのコツ○,white,skill,,
245,factor_000245,追込のコツ○,white,skill,,
246,factor_000246,ラッキーセブン,white,skill,,
247,factor_000247,スリーセブン,white,skill,,
248,factor_000248,登山家,white,skill,,
249,factor_000249,ウマ好み,white,skill,,
250,factor_000250,地固め,white,skill,,
251,factor_000251,尻尾上がり,white,skill,,
252,factor_000252,ふり絞り,white,skill,,
253,factor_000253,シンパシー,white,skill,,
254,factor_000254,一匹狼,white,skill,,
255,factor_000255,スリップストリーム,white,skill,,
256,factor_000256,遊びはおしまいっ！,white,skill,,
257,factor_000257,レコメンド,white,skill,,
258,factor_000258,前列狙い,white,skill,,
259,factor_000259,静かな呼吸,white,skill,,
260,factor_000260,ありったけ,white,skill,,
261,factor_000261,真っ向勝負,white,skill,,
262,factor_000262,砂塵慣れ,white,skill,,
263,factor_000263,影打,white,skill,,
264,factor_000264,早仕掛け,white,skill,,
265,factor_000265,あやしげな作戦,white,skill,,
266,factor_000266,軽い足取り,white,skill,,
267,factor_000267,マイペース,white,skill,,
268,factor_000268,ワンチャンス,white,skill,,
269,factor_000269,闘争心,white,skill,,
270,factor_000270,前のめり,white,skill,,
271,factor_000271,気合十分,white,skill,,
272,factor_000272,恐れぬ心,white,skill,,
273,factor_000273,気迫を込めて,white,skill,,
274,factor_000274,フルスロットル,white,skill,,
275,factor_000275,自制心,white,skill,,
276,factor_000276,下り坂巧者,white,skill,,
277,factor_000277,抜かりなし,white,skill,,
278,factor_000278,川崎レース場○,white,skill,,
279,factor_000279,船橋レース場○,white,skill,,
280,factor_000280,盛岡レース場○,white,skill,,
281,factor_000281,ナイター○,white,skill,,
282,factor_000282,小回り○,white,skill,,
283,factor_000283,交流重賞○,white,skill,,
284,factor_000284,明るい兆し,white,skill,,
285,factor_000285,盛り返し,white,skill,,
286,factor_000286,まっしぐら,white,skill,,
287,factor_000287,冴える思考,white,skill,,
288,factor_000288,砂浴び○,white,skill,,
289,factor_000289,意気込み十分,white,skill,,
290,factor_000290,急浮上,white,skill,,
291,factor_000291,踏み込み上手,white,skill,,
292,factor_000292,泥遊び○,white,skill,,
293,factor_000293,土煙,white,skill,,
294,factor_000294,圧迫感,white,skill,,
295,factor_000295,攻めの姿勢,white,skill,,
296,factor_000296,打開策,white,skill,,
297,factor_000297,しゃかりき,white,skill,,
298,factor_000298,一足飛び,white,skill,,
299,factor_000299,向上心,white,skill,,
300,factor_000300,がむしゃら,white,skill,,
301,factor_000301,確かな足取り,white,skill,,
302,factor_000302,やまっけ,white,skill,,
303,factor_000303,キレる脚,white,skill,,
304,factor_000304,粘り腰,white,skill,,
305,factor_000305,食らいつき,white,skill,,
306,factor_000306,本領発揮,white,skill,,
307,factor_000307,切れ味,white,skill,,
308,factor_000308,向こう見ず,white,skill,,
309,factor_000309,型破り,white,skill,,
310,factor_000310,しとやかな足取り,white,skill,,
311,factor_000311,プレッシャー,white,skill,,
312,factor_000312,快速,white,skill,,
313,factor_000313,ロックオン,white,skill,,
314,factor_000314,脇目も振らず,white,skill,,
315,factor_000315,大急ぎ,white,skill,,
316,factor_000316,イグニッション,white,skill,,
317,factor_000317,溢れる情熱,white,skill,,
318,factor_000318,進出開始,white,skill,,
319,factor_000319,一歩から,white,skill,,
320,factor_000320,自信家,white,skill,,
321,factor_000321,込み上げる熱,white,skill,,
322,factor_000322,心弾んで,white,skill,,
323,factor_000323,バイブス上昇,white,skill,,
324,factor_000324,一番乗り,white,skill,,
325,factor_000325,探求心,white,skill,,
326,factor_000326,会心の一歩,white,skill,,
327,factor_000327,折れない心,white,skill,,
328,factor_000328,ロンシャンレース場○,white,skill,,
329,factor_000329,品行方正,white,skill,,
330,factor_000330,ひたむき前進,white,skill,,
331,factor_000331,勝利に向かって,white,skill,,
332,factor_000332,狙いを定めて,white,skill,,
333,factor_000333,中盤巧者,white,skill,,
334,factor_000334,序盤巧者,white,skill,,
335,factor_000335,大詰め,white,skill,,
336,factor_000336,迷いなし,white,skill,,
337,factor_000337,二段構え,white,skill,,
338,factor_000338,砂払い,white,skill,,
339,factor_000339,ごぼう抜き,white,skill,,
340,factor_000340,急発進,white,skill,,
341,factor_000341,渾身の足取り,white,skill,,
342,factor_000342,たぎる血潮,white,skill,,
343,factor_000343,不動の心,white,skill,,
344,factor_000344,推力十分,white,skill,,
345,factor_000345,切り崩し,white,skill,,
346,factor_000346,惜しみなし,white,skill,,
347,factor_000347,影踏み,white,skill,,
348,factor_000348,鬼気迫って,white,skill,,
349,factor_000349,パイオニア,white,skill,,
350,factor_000350,滾る想い,white,skill,,
351,factor_000351,好機を捉えて,white,skill,,
352,factor_000352,飛躍の予感,white,skill,,
353,factor_000353,直線コース○,white,skill,,
354,factor_000354,手練手管,white,skill,,
355,factor_000355,瞬発力,white,skill,,
356,factor_000356,風切り,white,skill,,
357,factor_000357,素直な一歩,white,skill,,
358,factor_000358,胸の高鳴り,white,skill,,
359,factor_000359,揺るがぬ信念,white,skill,,
360,factor_000360,無二,white,skill,,
361,factor_000361,無三,white,skill,,
362,factor_000362,力の限り,white,skill,,
363,factor_000363,ダート直線○,white,skill,,
364,factor_000364,ダートコーナー○,white,skill,,
365,factor_000365,正面突破,white,skill,,
366,factor_000366,さらなる高みへ,white,skill,,
367,factor_000367,決定打,white,skill,,
368,factor_000368,克己心,white,skill,,
369,factor_000369,むきだしの情熱,white,skill,,
370,factor_000370,後先恐れず,white,skill,,
371,factor_000371,切り替え上手,white,skill,,
372,factor_000372,裏腹なキモチ,white,skill,,
373,factor_000373,目にも留まらず,white,skill,,
374,factor_000374,気の向くままに,white,skill,,
375,factor_000375,アグレッシブ,white,skill,,
376,factor_000376,逸る足取り,white,skill,,
377,factor_000377,端緒,white,skill,,
378,factor_000378,急襲,white,skill,,
379,factor_000379,覚悟を決めて,white,skill,,
380,factor_000380,切り込み隊長,white,skill,,
381,factor_000381,熱狂的,white,skill,,
382,factor_000382,光差す方へ,white,skill,,
383,factor_000383,駆け降り,white,skill,,
384,factor_000384,下準備,white,skill,,
385,factor_000385,這い寄る足音,white,skill,,
386,factor_000386,ハイピッチ,white,skill,,
387,factor_000387,一歩ずつ前へ,white,skill,,
388,factor_000388,切り返し,white,skill,,
389,factor_000389,逃げ切り体勢,white,skill,,
390,factor_000390,破天荒,white,skill,,
391,factor_000391,追い風に乗って,white,skill,,
392,factor_000392,地道に重ねて,white,skill,,
393,factor_000393,己を信じて,white,skill,,
394,factor_000394,躍動,white,skill,,
395,factor_000395,憧れを越えて,white,skill,,
396,factor_000396,ターニングポイント,white,skill,,
397,factor_000397,抜きん出る一歩,white,skill,,
398,factor_000398,みなぎる闘志,white,skill,,
399,factor_000399,譲れぬ一歩,white,skill,,
400,factor_000400,火花散らして,white,skill,,
401,factor_000401,比類なき,white,skill,,
402,factor_000402,覇気十分,white,skill,,
403,factor_000403,垣間見た光,white,skill,,
404,factor_000404,登竜門,white,skill,,
405,factor_000405,足任せ,white,skill,,
406,factor_000406,ステップアップ,white,skill,,
407,factor_000407,奮闘,white,skill,,
408,factor_000408,足がかり,white,skill,,
409,factor_000409,捕捉,white,skill,,
410,factor_000410,押し通る！,white,skill,,
411,factor_000411,砂蹴り,white,skill,,
412,factor_000412,精進,white,skill,,
413,factor_000413,真っ直ぐな走り,white,skill,,
414,factor_000414,夢への挑戦,white,skill,,
415,factor_000415,光明,white,skill,,
416,factor_000416,活路を拓く！,white,skill,,
417,factor_000417,健脚,white,skill,,
418,factor_000418,静かな熱,white,skill,,
419,factor_000419,不断の鍛錬,white,skill,,
420,factor_000420,思い切り,white,skill,,
421,factor_000421,勇気の一歩,white,skill,,
422,factor_000422,張り切り,white,skill,,
423,factor_000423,間隙を突いて,white,skill,,
424,factor_000424,影を追って,white,skill,,
425,factor_000425,追駆,white,skill,,
426,factor_000426,臆せぬ心,white,skill,,
427,factor_000427,衝動,white,skill,,
428,factor_000428,好戦的,white,skill,,
429,factor_000429,想い焦がれて,white,skill,,
430,factor_000430,精神力,white,skill,,
431,factor_000431,内なる獣,white,skill,,
432,factor_000432,頂を目指して,white,skill,,
433,factor_000433,優等生,white,skill,,
434,factor_000434,心惹かれて,white,skill,,
435,factor_000435,気ままな足取り,white,skill,,
436,factor_000436,弾ける足取り,white,skill,,
437,factor_000437,待ったなし,white,skill,,
438,factor_000438,ヒートアップ,white,skill,,
439,factor_000439,急降下,white,skill,,
440,factor_000440,誇りを抱いて,white,skill,,
441,factor_000441,プレリュード,white,skill,,
442,factor_000442,練達の一歩,white,skill,,
443,factor_000443,シビれる走り,white,skill,,
444,factor_000444,天才肌,white,skill,,
445,factor_000445,気丈な姿勢,white,skill,,
446,factor_000446,なりふり構わず,white,skill,,
447,factor_000447,バイタリティ,white,skill,,
448,factor_000448,目覚めの時,white,skill,,
449,factor_000449,意地っ張り,white,skill,,
450,factor_000450,力業,white,skill,,
451,factor_000451,ここ一番,white,skill,,
452,factor_000452,労を惜しまず,white,skill,,
453,factor_000453,華麗な足取り,white,skill,,
454,factor_000454,灯を胸に,white,skill,,
455,factor_000455,凛然と,white,skill,,
456,factor_000456,気持ちを乗せて,white,skill,,
457,factor_000457,余勢を駆って,white,skill,,
458,factor_000458,逃げるが勝ち！,white,skill,,
459,factor_000459,轟く足音,white,skill,,
460,factor_000460,淀みなし,white,skill,,
461,factor_000461,勝負を懸けて,white,skill,,
462,factor_000462,大志を抱いて,white,skill,,
463,factor_000463,あふれる活力,white,skill,,
464,factor_000464,前進あるのみ,white,skill,,
465,factor_000465,押しの一手,white,skill,,
466,factor_000466,溌剌,white,skill,,
467,factor_000467,巨歩,white,skill,,
468,factor_000468,アプローチ,white,skill,,
469,factor_000469,戦略家,white,skill,,
470,factor_000470,卓越する走り,white,skill,,
471,factor_000471,もう一踏ん張り,white,skill,,
472,factor_000472,サンタアニタパークレース場○,white,skill,,
473,factor_000473,デルマーレース場○,white,skill,,
474,factor_000474,急旋回,white,skill,,
475,factor_000475,猛プッシュ,white,skill,,
476,factor_000476,超長距離回復○,white,skill,,
477,factor_000477,個性的,white,skill,,
478,factor_000478,押せ押せムード,white,skill,,
479,factor_000479,阿吽の呼吸,white,skill,,
480,factor_000480,実直な走り,white,skill,,
481,factor_000481,弾みをつけて,white,skill,,
482,factor_000482,勇を奮って,white,skill,,
483,factor_000483,大立ち回り,white,skill,,
484,factor_000484,流れに任せて,white,skill,,
485,factor_000485,輝きを放って,white,skill,,
486,factor_000486,息抜き上手,white,skill,,
487,factor_000487,憂いなし,white,skill,,
488,factor_000488,影より速く,white,skill,,
489,factor_000489,追尾,white,skill,,
490,factor_000490,いざ我が道へ！,white,skill,,
491,factor_000491,奮い立つ心,white,skill,,
492,factor_000492,筆に任せて,white,skill,,
493,factor_000493,ポイントマン,white,skill,,
494,factor_000494,ダブルアクセル,white,skill,,
495,factor_000495,存在感,white,skill,,
496,factor_000496,潮目を掴んで,white,skill,,
497,factor_000497,華麗な踏み込み,white,skill,,
498,factor_000498,先導者,white,skill,,
499,factor_000499,奥の手,white,skill,,
500,factor_000500,勝負勘,white,skill,,
501,factor_000501,ただその先へ,white,skill,,
502,factor_000502,連綿,white,skill,,
503,factor_000503,広がる景色,white,skill,,
504,factor_000504,私の足取り,white,skill,,
505,factor_000505,砂塵を越えて,white,skill,,
506,factor_000506,ここが狙い目,white,skill,,
507,factor_000507,元気バクハツ,white,skill,,
508,factor_000508,立ち合い,white,skill,,
509,factor_000509,突き抜ける走り,white,skill,,
510,factor_000510,気勢を上げて,white,skill,,
511,factor_000511,アオハル点火・速,white,skill,,
512,factor_000512,アオハル点火・体,white,skill,,
513,factor_000513,アオハル点火・力,white,skill,,
514,factor_000514,アオハル点火・根,white,skill,,
515,factor_000515,アオハル点火・賢,white,skill,,
516,factor_000516,綺羅星,white,skill,,
517,factor_000517,夢の途中,white,skill,,
518,factor_000518,レースの真髄・速,white,skill,,
519,factor_000519,レースの真髄・体,white,skill,,
520,factor_000520,レースの真髄・力,white,skill,,
521,factor_000521,レースの真髄・根,white,skill,,
522,factor_000522,レースの真髄・賢,white,skill,,
523,factor_000523,レースの真髄・心,white,skill,,
524,factor_000524,レースの真髄・速＋,white,skill,,
525,factor_000525,レースの真髄・体＋,white,skill,,
526,factor_000526,レースの真髄・力＋,white,skill,,
527,factor_000527,レースの真髄・根＋,white,skill,,
528,factor_000528,レースの真髄・賢＋,white,skill,,
529,factor_000529,レースの真髄・心＋,white,skill,,
530,factor_000530,前だけ見据えて,white,skill,,
531,factor_000531,アオハル点火・速＋,white,skill,,
532,factor_000532,アオハル点火・体＋,white,skill,,
533,factor_000533,アオハル点火・力＋,white,skill,,
534,factor_000534,アオハル点火・根＋,white,skill,,
535,factor_000535,アオハル点火・賢＋,white,skill,,
536,factor_000536,陽の加護,white,skill,,
537,factor_000537,海の加護,white,skill,,
538,factor_000538,地の加護,white,skill,,
539,factor_000539,想いを背負って,white,skill,,
540,factor_000540,バーニングソウル,white,skill,,
541,factor_000541,いつまでも健やかに,white,skill,,
542,factor_000542,夢の再生方法,white,skill,,
543,factor_000543,時代を変える者,white,skill,,
544,factor_000544,あるがままに,white,skill,,
545,factor_000545,本気で休んで、もう一度,white,skill,,
546,factor_000546,アメリカンドリーム,white,skill,,
547,factor_000547,恩返し、召し上がれ,white,skill,,
599,factor_000599,怯むことなく,white,skill,,
600,factor_000600,遊び心,white,skill,,
548,factor_000548,スピードの目覚め,white,awakening,,
549,factor_000549,スタミナの目覚め,white,awakening,,
550,factor_000550,パワーの目覚め,white,awakening,,
551,factor_000551,根性の目覚め,white,awakening,,
552,factor_000552,賢さの目覚め,white,awakening,,
553,factor_000553,右回りの目覚め,white,awakening,,
554,factor_000554,左回りの目覚め,white,awakening,,
555,factor_000555,春の目覚め,white,awakening,,
556,factor_000556,夏の目覚め,white,awakening,,
557,factor_000557,秋の目覚め,white,awakening,,
558,factor_000558,冬の目覚め,white,awakening,,
559,factor_000559,連戦連勝,white,hidden,,
560,factor_000560,東の雄,white,hidden,,
561,factor_000561,西の雄,white,hidden,,
562,factor_000562,旅人,white,hidden,,
563,factor_000563,全階級制覇,white,hidden,,
564,factor_000564,パーフェクトクラウン,white,hidden,,
565,factor_000565,パーフェクトティアラ,white,hidden,,
566,factor_000566,新聞屋さん,white,hidden,,
567,factor_000567,一年の計は,white,hidden,,
568,factor_000568,SSS,white,hidden,,
569,factor_000569,SMS,white,hidden,,
570,factor_000570,S2000,white,hidden,,
571,factor_000571,星に願いを,white,hidden,,
572,factor_000572,ジュエリー,white,hidden,,
573,factor_000573,お嬢様,white,hidden,,
574,factor_000574,太陽系,white,hidden,,
575,factor_000575,ノーブレーキ,white,hidden,,
576,factor_000576,ビュービュー,white,hidden,,
577,factor_000577,ピカピカ,white,hidden,,
578,factor_000578,出たとこ勝負,white,hidden,,
579,factor_000579,山娘,white,hidden,,
580,factor_000580,全天候型,white,hidden,,
581,factor_000581,企画上手,white,hidden,,
582,factor_000582,策略家,white,hidden,,
583,factor_000583,ウマ娘よ大志を抱け,white,hidden,,
584,factor_000584,大肺活量,white,hidden,,
585,factor_000585,東奔西走,white,hidden,,
586,factor_000586,想いの継ぎ手,white,hidden,,
587,factor_000587,甲斐性なし,white,hidden,,
588,factor_000588,健闘,white,hidden,,
589,factor_000589,叩き良化型,white,hidden,,
590,factor_000590,二刀流,white,hidden,,
591,factor_000591,諦めない心,white,hidden,,
592,factor_000592,信頼の証,white,hidden,,
593,factor_000593,自由自在,white,hidden,,
594,factor_000594,SMILE,white,hidden,,
595,factor_000595,リフレッシュ,white,hidden,,
596,factor_000596,バランス重視,white,hidden,,
597,factor_000597,反骨精神,white,hidden,,
598,factor_000598,ジャックポット,white,hidden,,
