characterId,ウマ娘名
character_000001,スペシャルウィーク
character_000002,サイレンススズカ
character_000003,トウカイテイオー
character_000004,マルゼンスキー
character_000005,オグリキャップ
character_000006,タイキシャトル
character_000007,メジロマックイーン
character_000008,シンボリルドルフ
character_000009,ライスシャワー
character_000010,ゴールドシップ
character_000011,ウオッカ
character_000012,ダイワスカーレット
character_000013,グラスワンダー
character_000014,エルコンドルパサー
character_000015,エアグルーヴ
character_000016,マヤノトップガン
character_000017,スーパークリーク
character_000018,メジロライアン
character_000019,アグネスタキオン
character_000020,ウイニングチケット
character_000021,サクラバクシンオー
character_000022,ハルウララ
character_000023,マチカネフクキタル
character_000024,ナイスネイチャ
character_000025,キングヘイロー
character_000026,テイエムオペラオー
character_000027,ミホノブルボン
character_000028,ビワハヤヒデ
character_000029,カレンチャン
character_000030,ナリタタイシン
character_000031,スマートファルコン
character_000032,ナリタブライアン
character_000033,セイウンスカイ
character_000034,ヒシアマゾン
character_000035,フジキセキ
character_000036,ゴールドシチー
character_000037,メイショウドトウ
character_000038,エイシンフラッシュ
character_000039,ヒシアケボノ
character_000040,アグネスデジタル
character_000041,カワカミプリンセス
character_000042,マンハッタンカフェ
character_000043,トーセンジョーダン
character_000044,メジロドーベル
character_000045,ファインモーション
character_000046,タマモクロス
character_000047,サクラチヨノオー
character_000048,メジロアルダン
character_000049,アドマイヤベガ
character_000050,キタサンブラック
character_000051,マチカネタンホイザ
character_000052,サトノダイヤモンド
character_000053,メジロブライト
character_000054,ニシノフラワー
character_000055,ヤエノムテキ
character_000056,アイネスフウジン
character_000057,メジロパーマー
character_000058,イナリワン
character_000059,スイープトウショウ
character_000060,エアシャカール
character_000061,バンブーメモリー
character_000062,コパノリッキー
character_000063,ユキノビジン
character_000064,シーキングザパール
character_000065,アストンマーチャン
character_000066,ヤマニンゼファー
character_000067,ナカヤマフェスタ
character_000068,ワンダーアキュート
character_000069,ゼンノロブロイ
character_000070,ホッコータルマエ
character_000071,ダイタクヘリオス
character_000072,シンコウウインディ
character_000073,ミスターシービー
character_000074,ツインターボ
character_000075,ダイイチルビー
character_000076,シンボリクリスエス
character_000077,サクラローレル
character_000078,ネオユニヴァース
character_000079,ヒシミラクル
character_000080,タニノギムレット
character_000081,マーベラスサンデー
character_000082,カツラギエース
character_000083,シリウスシンボリ
character_000084,ナリタトップロード
character_000085,ケイエスミラクル
character_000086,メジロラモーヌ
character_000087,タップダンスシチー
character_000088,サトノクラウン
character_000089,シュヴァルグラン
character_000090,ヴィブロス
character_000091,ビコーペガサス
character_000092,ドゥラメンテ
character_000093,イクノディクタス
character_000094,トランセンド
character_000095,ラインクラフト
character_000096,サウンズオブアース
character_000097,ノースフライト
character_000098,ジャングルポケット
character_000099,ドリームジャーニー
character_000100,カルストンライトオ
character_000101,ジェンティルドンナ
character_000102,シーザリオ
character_000103,デュランダル
character_000104,バブルガムフェロー
character_000105,エアメサイア
character_000106,ウインバリアシオン
character_000107,フリオーソ
character_000108,ツルマルツヨシ
character_000109,オルフェーヴル
character_000110,グランアレグリア
character_000111,ノーリーズン
character_000112,フェノーメノ
character_000113,ヴィルシーナ
character_000114,ラヴズオンリーユー
character_000115,クロノジェネシス
character_000116,フサイチパンドラ
character_000117,スティルインラブ
character_000118,エスポワールシチー
character_000119,ビリーヴ
character_000120,ダンツフレーム
character_000121,ブエナビスタ
character_000122,ステイゴールド
character_000123,キセキ
character_000124,ロイスアンドロイス
character_000125,アーモンドアイ
character_000126,ヴィクトワールピサ
character_000127,ラッキーライラック
character_000128,アドマイヤグルーヴ
character_000129,デアリングハート
character_000130,レッドディザイア
character_000131,カレンブーケドール
character_000132,ルーラーシップ
character_000133,エピファネイア
character_000134,ファレノプシス
character_000135,ローズキングダム
