variantId,characterId,育成ウマ娘名,衣装名,入手時★,実装日,通称,初期衣装
character_variant_000001,character_000001,［スペシャルドリーマー］スペシャルウィーク,スペシャルドリーマー,3,2021-02-24,通常スペ,1
character_variant_000002,character_000002,［サイレントイノセンス］サイレンススズカ,サイレントイノセンス,3,2021-02-24,通常スズカ,1
character_variant_000003,character_000003,［トップ・オブ・ジョイフル］トウカイテイオー,トップ・オブ・ジョイフル,3,2021-02-24,通常テイオー,1
character_variant_000004,character_000004,［フォーミュラオブルージュ］マルゼンスキー,フォーミュラオブルージュ,3,2021-02-24,通常マルゼン,1
character_variant_000005,character_000005,［スターライトビート］オグリキャップ,スターライトビート,3,2021-02-24,通常オグリ,1
character_variant_000006,character_000006,［ワイルド・フロンティア］タイキシャトル,ワイルド・フロンティア,3,2021-02-24,通常タイキ,1
character_variant_000007,character_000007,［エレガンス・ライン］メジロマックイーン,エレガンス・ライン,3,2021-02-24,通常マック、黒マック,1
character_variant_000008,character_000008,［ロード・オブ・エンペラー］シンボリルドルフ,ロード・オブ・エンペラー,3,2021-02-24,通常ルドルフ,1
character_variant_000009,character_000009,［ローゼスドリーム］ライスシャワー,ローゼスドリーム,3,2021-02-24,通常ライス、黒ライス,1
character_variant_000010,character_000010,［レッドストライフ］ゴールドシップ,レッドストライフ,2,2021-02-24,通常ゴルシ,1
character_variant_000011,character_000011,［ワイルドトップギア］ウオッカ,ワイルドトップギア,2,2021-02-24,通常ウオッカ,1
character_variant_000012,character_000012,［トップ・オブ・ブルー］ダイワスカーレット,トップ・オブ・ブルー,2,2021-02-24,通常ダスカ,1
character_variant_000013,character_000013,［岩穿つ青］グラスワンダー,岩穿つ青,2,2021-02-24,通常グラス,1
character_variant_000014,character_000014,［エル☆Numero 1］エルコンドルパサー,エル☆Numero 1,2,2021-02-24,通常エル,1
character_variant_000015,character_000015,［エンプレスロード］エアグルーヴ,エンプレスロード,2,2021-02-24,通常エアグル,1
character_variant_000016,character_000016,［すくらんぶる☆ゾーン］マヤノトップガン,すくらんぶる☆ゾーン,2,2021-02-24,通常マヤノ,1
character_variant_000017,character_000017,［マーマリングストリーム］スーパークリーク,マーマリングストリーム,2,2021-02-24,通常クリーク,1
character_variant_000018,character_000018,［ストレート・ライン］メジロライアン,ストレート・ライン,1,2021-02-24,通常ライアン,1
character_variant_000019,character_000019,［tach-nology］アグネスタキオン,tach-nology,1,2021-02-24,通常タキオン,1
character_variant_000020,character_000020,［Go To Winning!］ウイニングチケット,Go To Winning!,1,2021-02-24,通常チケゾー,1
character_variant_000021,character_000021,［サクラ、すすめ！］サクラバクシンオー,サクラ、すすめ！,1,2021-02-24,通常バクシン,1
character_variant_000022,character_000022,［うららん一等賞♪］ハルウララ,うららん一等賞♪,1,2021-02-24,通常ウララ,1
character_variant_000023,character_000023,［運気上昇☆幸福万来］マチカネフクキタル,運気上昇☆幸福万来,1,2021-02-24,通常フクキタル,1
character_variant_000024,character_000024,［ポインセチア・リボン］ナイスネイチャ,ポインセチア・リボン,1,2021-02-24,通常ネイチャ,1
character_variant_000025,character_000025,［キング・オブ・エメラルド］キングヘイロー,キング・オブ・エメラルド,1,2021-02-24,通常キング,1
character_variant_000026,character_000026,［オー・ソレ・スーオ！］テイエムオペラオー,オー・ソレ・スーオ！,3,2021-03-02,通常オペ,1
character_variant_000027,character_000027,［MB-19890425］ミホノブルボン,MB-19890425,3,2021-03-09,通常ブルボン,1
character_variant_000028,character_000028,［pf.Victory formula...］ビワハヤヒデ,pf.Victory formula...,3,2021-03-18,通常ハヤヒデ,1
character_variant_000029,character_000003,［ビヨンド・ザ・ホライズン］トウカイテイオー,ビヨンド・ザ・ホライズン,3,2021-03-30,赤テイオー,0
character_variant_000030,character_000007,［エンド・オブ・スカイ］メジロマックイーン,エンド・オブ・スカイ,3,2021-03-30,白マック,0
character_variant_000031,character_000029,［フィーユ・エクレール］カレンチャン,フィーユ・エクレール,3,2021-04-15,通常カレン,1
character_variant_000032,character_000030,［Nevertheless］ナリタタイシン,Nevertheless,3,2021-04-26,通常タイシン,1
character_variant_000033,character_000031,［あぶそりゅーと☆LOVE］スマートファルコン,あぶそりゅーと☆LOVE,3,2021-05-06,通常ファル子,1
character_variant_000034,character_000032,［Maverick］ナリタブライアン,Maverick,3,2021-05-17,通常ナリブ,1
character_variant_000035,character_000016,［サンライト・ブーケ］マヤノトップガン,サンライト・ブーケ,3,2021-05-28,嫁マヤ,0
character_variant_000036,character_000015,［クエルクス・キウィーリス］エアグルーヴ,クエルクス・キウィーリス,3,2021-05-28,嫁エアグル、嫁グル,0
character_variant_000037,character_000033,［あおぐもサミング］セイウンスカイ,あおぐもサミング,3,2021-06-10,通常ウンス,1
character_variant_000038,character_000034,［アマゾネス・ラピス］ヒシアマゾン,アマゾネス・ラピス,3,2021-06-21,通常ヒシアマ,1
character_variant_000039,character_000014,［ククルカン・モンク］エルコンドルパサー,ククルカン・モンク,3,2021-06-29,モンクエル,0
character_variant_000040,character_000013,［セイントジェード・ヒーラー］グラスワンダー,セイントジェード・ヒーラー,3,2021-06-29,ヒーラーグラス,0
character_variant_000041,character_000035,［シューティンスタァ・ルヴュ］フジキセキ,シューティンスタァ・ルヴュ,3,2021-07-12,通常フジ,1
character_variant_000042,character_000036,［オーセンティック／1928］ゴールドシチー,オーセンティック／1928,3,2021-07-20,通常シチー,1
character_variant_000043,character_000001,［ほっぴん♪ビタミンハート］スペシャルウィーク,ほっぴん♪ビタミンハート,3,2021-07-29,水着スペ,0
character_variant_000044,character_000004,［ぶっとび☆さまーナイト］マルゼンスキー,ぶっとび☆さまーナイト,3,2021-07-29,水着マルゼン,0
character_variant_000045,character_000037,［ブルー／レイジング］メイショウドトウ,ブルー／レイジング,3,2021-08-11,通常ドトウ,1
character_variant_000046,character_000038,［Meisterschaft］エイシンフラッシュ,Meisterschaft,3,2021-08-20,通常フラッシュ,1
character_variant_000047,character_000023,［吉兆・初あらし］マチカネフクキタル,吉兆・初あらし,3,2021-08-30,フルアーマーフクキタル、FAフクキタル,0
character_variant_000048,character_000039,［ボーノ☆アラモーダ］ヒシアケボノ,ボーノ☆アラモーダ,3,2021-09-10,通常ボーノ,1
character_variant_000049,character_000040,［超特急！フルカラー特殊PP］アグネスデジタル,超特急！フルカラー特殊PP,3,2021-09-20,通常デジタル,1
character_variant_000050,character_000009,［Make up Vampire!］ライスシャワー,Make up Vampire!,3,2021-09-29,ハロライス,0
character_variant_000051,character_000017,［シフォンリボンマミー］スーパークリーク,シフォンリボンマミー,3,2021-09-29,ハロクリーク,0
character_variant_000052,character_000041,［プリンセス・オブ・ピンク］カワカミプリンセス,プリンセス・オブ・ピンク,3,2021-10-11,通常カワカミ,1
character_variant_000053,character_000042,［Creeping Black］マンハッタンカフェ,Creeping Black,3,2021-10-20,通常カフェ,1
character_variant_000054,character_000008,［皓月の弓取り］シンボリルドルフ,皓月の弓取り,3,2021-10-28,秋ルドルフ,0
character_variant_000055,character_000036,［秋桜ダンツァトリーチェ］ゴールドシチー,秋桜ダンツァトリーチェ,3,2021-10-28,秋シチー,0
character_variant_000056,character_000043,［ポップス☆ジョーカー］トーセンジョーダン,ポップス☆ジョーカー,3,2021-11-08,通常ジョーダン,1
character_variant_000057,character_000044,［ツイステッド・ライン］メジロドーベル,ツイステッド・ライン,3,2021-11-19,通常ドーベル,1
character_variant_000058,character_000005,［キセキの白星］オグリキャップ,キセキの白星,3,2021-11-29,クリオグリ,0
character_variant_000059,character_000028,［ノエルージュ・キャロル］ビワハヤヒデ,ノエルージュ・キャロル,3,2021-11-29,クリハヤヒデ,0
character_variant_000060,character_000045,［Noble Seamair］ファインモーション,Noble Seamair,3,2021-12-14,通常ファイン,1
character_variant_000061,character_000046,［疾風迅雷］タマモクロス,疾風迅雷,3,2021-12-22,通常タマモ,1
character_variant_000062,character_000022,［初うらら♪さくさくら］ハルウララ,初うらら♪さくさくら,3,2021-12-31,正月ウララ,0
character_variant_000063,character_000026,［初晴・青き絢爛］テイエムオペラオー,初晴・青き絢爛,3,2021-12-31,正月オペ,0
character_variant_000064,character_000047,［日下開山・花あかり］サクラチヨノオー,日下開山・花あかり,3,2022-01-20,通常チヨ,1
character_variant_000065,character_000027,［CODE：グラサージュ］ミホノブルボン,CODE：グラサージュ,3,2022-01-28,チョコボン、バレボン,0
character_variant_000066,character_000038,［コレクト・ショコラティエ］エイシンフラッシュ,コレクト・ショコラティエ,3,2022-01-28,チョコフラ、バレフラ,0
character_variant_000067,character_000048,［クリノクロア・ライン］メジロアルダン,クリノクロア・ライン,3,2022-02-08,通常アルダン,1
character_variant_000068,character_000049,［Starry Nocturne］アドマイヤベガ,Starry Nocturne,3,2022-02-16,通常アヤベ,1
character_variant_000069,character_000050,［錦上・大判御輿］キタサンブラック,錦上・大判御輿,3,2022-02-24,通常キタサン、黒キタ,1
character_variant_000070,character_000051,［ぱんぱかティルトット］マチカネタンホイザ,ぱんぱかティルトット,2,2022-02-24,通常マチタン,1
character_variant_000071,character_000052,［Natural Brilliance］サトノダイヤモンド,Natural Brilliance,3,2022-03-07,通常ダイヤ,1
character_variant_000072,character_000053,［ブリュニサージュ・ライン］メジロブライト,ブリュニサージュ・ライン,3,2022-03-18,通常ブライト,1
character_variant_000073,character_000033,［ソワレ・ド・シャトン］セイウンスカイ,ソワレ・ド・シャトン,3,2022-03-29,ダンスウンス,0
character_variant_000074,character_000035,［シュクセ・エトワーレ］フジキセキ,シュクセ・エトワーレ,3,2022-03-29,ダンスフジ,0
character_variant_000075,character_000054,［ティアード・ペタル］ニシノフラワー,ティアード・ペタル,3,2022-04-11,通常ニシノ,1
character_variant_000076,character_000055,［四白流星の襲］ヤエノムテキ,四白流星の襲,3,2022-04-19,通常ヤエノ,1
character_variant_000077,character_000024,［RUN＆WIN］ナイスネイチャ,RUN＆WIN,3,2022-04-28,チアネイチャ,0
character_variant_000078,character_000025,［白く気高き激励の装］キングヘイロー,白く気高き激励の装,3,2022-04-28,団長キング,0
character_variant_000079,character_000056,［オールタイム・フィーバー］アイネスフウジン,オールタイム・フィーバー,3,2022-05-10,通常アイネス,1
character_variant_000080,character_000057,［Line Breakthrough］メジロパーマー,Line Breakthrough,3,2022-05-20,通常パーマー,1
character_variant_000081,character_000029,［朔月のマ・シェリ］カレンチャン,朔月のマ・シェリ,3,2022-05-30,花嫁カレン、黒カレン,0
character_variant_000082,character_000045,［Titania］ファインモーション,Titania,3,2022-05-30,花嫁ファイン,0
character_variant_000083,character_000058,［稲荷所縁江戸紫］イナリワン,稲荷所縁江戸紫,3,2022-06-10,通常イナリ,1
character_variant_000084,character_000059,［プラタナス・ウィッチ］スイープトウショウ,プラタナス・ウィッチ,3,2022-06-20,通常スイープ,1
character_variant_000085,character_000006,［Bubblegum☆Memories］タイキシャトル,Bubblegum☆Memories,3,2022-06-30,夏タイキ,0
character_variant_000086,character_000044,［バカンス・サフィール］メジロドーベル,バカンス・サフィール,3,2022-06-30,夏ドーベル,0
character_variant_000087,character_000060,［unsigned］エアシャカール,unsigned,3,2022-07-11,通常シャカール、通常シャカ,1
character_variant_000088,character_000001,［日之本一の総大将］スペシャルウィーク,日之本一の総大将,3,2022-07-20,総大将スペ、配布スペ,0
character_variant_000089,character_000007,［さざ波フェアレディ］メジロマックイーン,さざ波フェアレディ,3,2022-07-29,水着マック,0
character_variant_000090,character_000010,［RUN！乱！ランチャー！！］ゴールドシップ,RUN！乱！ランチャー！！,3,2022-07-29,水着ゴルシ,0
character_variant_000091,character_000061,［黒鉄の大志］バンブーメモリー,黒鉄の大志,3,2022-08-10,通常バンブー,1
character_variant_000092,character_000062,［陰陽八卦☆開運衣］コパノリッキー,陰陽八卦☆開運衣,3,2022-08-19,通常リッキー,1
character_variant_000093,character_000031,［黄昏トライアンフ］スマートファルコン,黄昏トライアンフ,3,2022-08-24,黄ファル子,0
character_variant_000094,character_000020,［Dream Deliverer］ウイニングチケット,Dream Deliverer,3,2022-08-29,白チケ、スチームチケット,0
character_variant_000095,character_000030,［ディファレンス・エンジニア］ナリタタイシン,ディファレンス・エンジニア,3,2022-08-29,モノクルタイシン、スチームタイシン,0
character_variant_000096,character_000063,［めんこいめんこいむつのはな］ユキノビジン,めんこいめんこいむつのはな,3,2022-09-12,通常ユキノ,1
character_variant_000097,character_000064,［Rocket☆Star］シーキングザパール,Rocket☆Star,3,2022-09-20,通常ザパ,1
character_variant_000098,character_000040,［愛麗♡キョンシー］アグネスデジタル,愛麗♡キョンシー,3,2022-09-29,キョンデジ、ハロデジ,0
character_variant_000099,character_000037,［Dot-o'-Lantern］メイショウドトウ,Dot-o'-Lantern,3,2022-09-29,ハロドトウ,0
character_variant_000100,character_000065,［Flare］アストンマーチャン,Flare,3,2022-10-11,通常マーチャン,1
character_variant_000101,character_000066,［Fluttertail Spirit］ヤマニンゼファー,Fluttertail Spirit,3,2022-10-19,通常ゼファー,1
character_variant_000102,character_000046,［猛ル鳴神］タマモクロス,猛ル鳴神,3,2022-10-28,秋タマ,0
character_variant_000103,character_000058,［夢ノ金原］イナリワン,夢ノ金原,3,2022-10-28,秋イナリ,0
character_variant_000104,character_000067,［死中求活］ナカヤマフェスタ,死中求活,3,2022-11-09,通常ナカヤマ,1
character_variant_000105,character_000068,［Butterfly Sting］ワンダーアキュート,Butterfly Sting,3,2022-11-17,通常アキュート,1
character_variant_000106,character_000011,［不凍のアクア・ウィタエ］ウオッカ,不凍のアクア・ウィタエ,3,2022-11-28,クリウオッカ,0
character_variant_000107,character_000012,［緋色のニュイ・エトワレ］ダイワスカーレット,緋色のニュイ・エトワレ,3,2022-11-28,クリダスカ,0
character_variant_000108,character_000069,［Heroic Author］ゼンノロブロイ,Heroic Author,3,2022-12-12,通常ロブロイ,1
character_variant_000109,character_000032,［餓狼］ナリタブライアン,餓狼,3,2022-12-20,餓狼ナリブ,0
character_variant_000110,character_000050,［真打・慶鶴之志］キタサンブラック,真打・慶鶴之志,3,2022-12-29,白キタ、正月キタサン,0
character_variant_000111,character_000052,［花形・弥栄之翠］サトノダイヤモンド,花形・弥栄之翠,3,2022-12-29,白ダイヤ、正月ダイヤ,0
character_variant_000112,character_000070,［スター・ライト・シップ］ホッコータルマエ,スター・ライト・シップ,3,2023-01-10,通常タルマエ,1
character_variant_000113,character_000071,［Fun☆Fun☆ぱりない］ダイタクヘリオス,Fun☆Fun☆ぱりない,3,2023-01-20,通常ヘリオス、青ヘリ,1
character_variant_000114,character_000056,［MELTY GIFT］アイネスフウジン,MELTY GIFT,3,2023-01-30,バレアイネス、チョコネス,0
character_variant_000115,character_000018,［マーガレット・ラッテ］メジロライアン,マーガレット・ラッテ,3,2023-01-30,バレライアン、チョコアン,0
character_variant_000116,character_000072,［Wicked Punk］シンコウウインディ,Wicked Punk,3,2023-02-13,通常ウインディ,1
character_variant_000117,character_000073,［Clear Bliss］ミスターシービー,Clear Bliss,3,2023-02-24,通常シービー,1
character_variant_000118,character_000074,［爆走！ターボエンジン］ツインターボ,爆走！ターボエンジン,1,2023-02-24,通常ターボ,1
character_variant_000119,character_000075,［華麗なる紅玉］ダイイチルビー,華麗なる紅玉,3,2023-03-10,通常ルビー、赤ルビー,1
character_variant_000120,character_000076,［Onyx Soldier］シンボリクリスエス,Onyx Soldier,3,2023-03-20,通常ボリクリ、通常クリスエス,1
character_variant_000121,character_000048,［Neige Émeraude］メジロアルダン,Neige Émeraude,3,2023-03-29,ダンスアルダン、ドロワアルダン,0
character_variant_000122,character_000047,［Fleur Enneigée］サクラチヨノオー,Fleur Enneigée,3,2023-03-29,ドレスチヨ、ドロワチヨ,0
character_variant_000123,character_000077,［Saisir le rêve］サクラローレル,Saisir le rêve,3,2023-04-10,通常ローレル,1
character_variant_000124,character_000078,［Universe-Naut］ネオユニヴァース,Universe-Naut,3,2023-04-19,通常ネオユニ,1
character_variant_000125,character_000051,［ブルー・タービュランス］マチカネタンホイザ,ブルー・タービュランス,3,2023-04-28,青マチタン、チアマチタン,0
character_variant_000126,character_000021,［レッドホット☆リーダー］サクラバクシンオー,レッドホット☆リーダー,3,2023-04-28,赤バクシン、チアバクシン,0
character_variant_000127,character_000079,［みらくるめーくあっぷ！］ヒシミラクル,みらくるめーくあっぷ！,3,2023-05-10,通常ミラ子,1
character_variant_000128,character_000080,［身に纏うケラヴノス］タニノギムレット,身に纏うケラヴノス,3,2023-05-19,通常ギム,1
character_variant_000129,character_000054,［Sweet Juneberry］ニシノフラワー,Sweet Juneberry,3,2023-05-29,嫁ニシノ,0
character_variant_000130,character_000034,［Hungry Veil］ヒシアマゾン,Hungry Veil,3,2023-05-29,嫁ヒシアマ,0
character_variant_000131,character_000081,［☆キラ★ドキ☆ワク∞マベ∞］マーベラスサンデー,☆キラ★ドキ☆ワク∞マベ∞,3,2023-06-19,通常マベサン,1
character_variant_000132,character_000061,［Ultra☆Marine］バンブーメモリー,Ultra☆Marine,3,2023-06-29,夏バンブー,0
character_variant_000133,character_000043,［Aurore☆Vacances］トーセンジョーダン,Aurore☆Vacances,3,2023-06-29,夏ジョーダン,0
character_variant_000134,character_000082,［登竜之頂］カツラギエース,登竜之頂,3,2023-07-10,通常エース,1
character_variant_000135,character_000083,［Féroce］シリウスシンボリ,Féroce,3,2023-07-21,通常シリウス,1
character_variant_000136,character_000019,［Lunatic Lab］アグネスタキオン,Lunatic Lab,3,2023-07-31,水タキ、夏タキ,0
character_variant_000137,character_000002,［波間のエメラルド］サイレンススズカ,波間のエメラルド,3,2023-07-31,水着スズカ,0
character_variant_000138,character_000084,［The Proud Road］ナリタトップロード,The Proud Road,3,2023-08-24,通常トプロ,1
character_variant_000139,character_000010,［La mode 564］ゴールドシップ,La mode 564,3,2023-08-31,凱旋門ゴルシ、ドレスゴルシ,0
character_variant_000140,character_000052,［シュヴァリエ・ブル］サトノダイヤモンド,シュヴァリエ・ブル,3,2023-09-11,凱旋門ダイヤ、青ダイヤ,0
character_variant_000141,character_000085,［Prism］ケイエスミラクル,Prism,3,2023-09-20,通常ケイエス,1
character_variant_000142,character_000060,［Belphegor's Prime］エアシャカール,Belphegor's Prime,3,2023-09-29,ハロシャカ,0
character_variant_000143,character_000076,［Jetblack Automaton］シンボリクリスエス,Jetblack Automaton,3,2023-09-29,ハロボリクリ,0
character_variant_000144,character_000086,［オニキス・ライン］メジロラモーヌ,オニキス・ライン,3,2023-10-19,通常ラモーヌ、通常ラモ,1
character_variant_000145,character_000041,［水干撫子］カワカミプリンセス,水干撫子,3,2023-10-30,秋カワカミ,0
character_variant_000146,character_000003,［紫雲の夢見取り］トウカイテイオー,紫雲の夢見取り,3,2023-10-30,秋テイオー,0
character_variant_000147,character_000087,［GLITTER!］タップダンスシチー,GLITTER!,3,2023-11-20,通常タップ,1
character_variant_000148,character_000057,［赤心のトナカイさん］メジロパーマー,赤心のトナカイさん,3,2023-11-30,クリパマ、クリパーマー,0
character_variant_000149,character_000053,［清らに星澄むスノーロリィタ］メジロブライト,清らに星澄むスノーロリィタ,3,2023-11-30,クリブライト,0
character_variant_000150,character_000088,［黒翠千里行］サトノクラウン,黒翠千里行,3,2023-12-11,通常クラウン,1
character_variant_000151,character_000089,［Grand itinéraire］シュヴァルグラン,Grand itinéraire,3,2023-12-20,通常シュヴァル,1
character_variant_000152,character_000050,［結願のしまい華］キタサンブラック,結願のしまい華,3,2023-12-28,赤キタ,0
character_variant_000153,character_000024,［ネガイノカサネ］ナイスネイチャ,ネガイノカサネ,3,2024-01-09,正月ネイチャ,0
character_variant_000154,character_000090,［Voyage étincelant］ヴィブロス,Voyage étincelant,3,2024-01-19,通常ヴィブロス,1
character_variant_000155,character_000063,［茶の子雪ん子］ユキノビジン,茶の子雪ん子,3,2024-01-31,バレユキノ、和ユキノ,0
character_variant_000156,character_000042,［柳緑小夜］マンハッタンカフェ,柳緑小夜,3,2024-01-31,バレカフェ、猫カフェ,0
character_variant_000157,character_000091,［疾風ペガサス・零式］ビコーペガサス,疾風ペガサス・零式,2,2024-02-14,通常ビコペ,1
character_variant_000158,character_000092,［Red in Black］ドゥラメンテ,Red in Black,3,2024-02-24,通常ドゥラ,1
character_variant_000159,character_000093,［Mantle of Steel］イクノディクタス,Mantle of Steel,2,2024-02-24,通常イクノ,1
character_variant_000160,character_000094,［ZOKU-ZOKU GIZMO］トランセンド,ZOKU-ZOKU GIZMO,3,2024-03-12,通常トラン,1
character_variant_000161,character_000095,［Dream Successor］ラインクラフト,Dream Successor,3,2024-03-21,通常クラフト,1
character_variant_000162,character_000075,［Flowing Blue］ダイイチルビー,Flowing Blue,3,2024-03-29,青ルビー、ダンスルビー,0
character_variant_000163,character_000071,［Joyful Jamboree!］ダイタクヘリオス,Joyful Jamboree!,3,2024-03-29,赤ヘリ、ダンスヘリオス,0
character_variant_000164,character_000020,［Glorious Coat］ウイニングチケット,Glorious Coat,3,2024-04-09,黒チケ、UAFチケゾー,0
character_variant_000165,character_000096,［リトモ・デッラ・テッラ］サウンズオブアース,リトモ・デッラ・テッラ,3,2024-04-19,通常アース,1
character_variant_000166,character_000017,［慈雨華影］スーパークリーク,慈雨華影,3,2024-04-30,忍者クリーク,0
character_variant_000167,character_000055,［黒将Zen］ヤエノムテキ,黒将Zen,3,2024-04-30,黒ヤエノ,0
character_variant_000168,character_000019,［Σ Experiment］アグネスタキオン,Σ Experiment,3,2024-05-10,モノタキ、モノクルタキオン,0
character_variant_000169,character_000097,［Looking Fly!］ノースフライト,Looking Fly!,3,2024-05-20,通常フライト,1
character_variant_000170,character_000025,［Evergreen Identity］キングヘイロー,Evergreen Identity,3,2024-05-30,嫁キング,0
character_variant_000171,character_000059,［リアライズ・ルーン］スイープトウショウ,リアライズ・ルーン,3,2024-05-30,嫁スイープ,0
character_variant_000172,character_000098,［王者の喊声］ジャングルポケット,王者の喊声,3,2024-06-13,通常ポッケ,1
character_variant_000173,character_000099,［夢路のよすが］ドリームジャーニー,夢路のよすが,3,2024-06-26,通常ドリジャ,1
character_variant_000174,character_000009,［Yummy Dreamy Fairy］ライスシャワー,Yummy Dreamy Fairy,3,2024-07-09,畑ライス,0
character_variant_000175,character_000100,［真実一路］カルストンライトオ,真実一路,3,2024-07-19,通常ライトオ,1
character_variant_000176,character_000038,［Reines Plätschern］エイシンフラッシュ,Reines Plätschern,3,2024-07-29,水着フラッシュ、水フラ,0
character_variant_000177,character_000070,［パステルマリン・ロコドル］ホッコータルマエ,パステルマリン・ロコドル,3,2024-07-29,水着タルマエ、水タル,0
character_variant_000178,character_000101,［Regina dei fiori］ジェンティルドンナ,Regina dei fiori,3,2024-08-24,通常ジェンティル、通常ドンナ,1
character_variant_000179,character_000078,［Like “ZEER”］ネオユニヴァース,Like “ZEER”,3,2024-08-30,秋ネオユニ、メガネオユニ,0
character_variant_000180,character_000069,［Inlaid Stories］ゼンノロブロイ,Inlaid Stories,3,2024-08-30,秋ロブロイ,0
character_variant_000181,character_000102,［Future Weaver］シーザリオ,Future Weaver,3,2024-09-10,通常ザリオ,1
character_variant_000182,character_000103,［Chevalier fidèle］デュランダル,Chevalier fidèle,3,2024-09-20,通常デュラ,1
character_variant_000183,character_000064,［Be♪Witched］シーキングザパール,Be♪Witched,3,2024-09-30,ハロザパ、魔女ザパ,0
character_variant_000184,character_000016,［ろっきん☆MewMeow］マヤノトップガン,ろっきん☆MewMeow,3,2024-09-30,猫マヤ、ハロマヤ,0
character_variant_000185,character_000104,［POPPING!］バブルガムフェロー,POPPING!,3,2024-10-11,通常バブル,1
character_variant_000186,character_000028,［Engineered Victory］ビワハヤヒデ,Engineered Victory,3,2024-10-29,メカハヤヒデ,0
character_variant_000187,character_000030,［迷光オーヴァライド］ナリタタイシン,迷光オーヴァライド,3,2024-11-08,メカタイシン,0
character_variant_000188,character_000105,［Inherited Hope］エアメサイア,Inherited Hope,3,2024-11-18,通常メサイア,1
character_variant_000189,character_000084,［Celestial Road］ナリタトップロード,Celestial Road,3,2024-11-28,クリトプロ,0
character_variant_000190,character_000049,［Glacialis Vega］アドマイヤベガ,Glacialis Vega,3,2024-11-28,クリアヤベ,0
character_variant_000191,character_000106,［ドラマティック・チュチュ］ウインバリアシオン,ドラマティック・チュチュ,3,2024-12-10,通常シオン,1
character_variant_000192,character_000013,［蒼炎の誉］グラスワンダー,蒼炎の誉,3,2024-12-19,蒼グラス,0
character_variant_000193,character_000082,［雅号・墨龍］カツラギエース,雅号・墨龍,3,2024-12-27,正月エース,0
character_variant_000194,character_000073,［絢爛花道歌舞く君］ミスターシービー,絢爛花道歌舞く君,3,2024-12-27,正月CB、正月シービー,0
character_variant_000195,character_000004,［祝ひ寿ぐ神速天女］マルゼンスキー,祝ひ寿ぐ神速天女,3,2025-01-10,正月マルゼン、巫女マル,0
character_variant_000196,character_000107,［衣錦還郷の瑞星］フリオーソ,衣錦還郷の瑞星,3,2025-01-20,通常フリオ,1
character_variant_000197,character_000065,［溶けない砂糖菓子］アストンマーチャン,溶けない砂糖菓子,3,2025-01-31,バレマーチャン,0
character_variant_000198,character_000066,［Sugary Wind］ヤマニンゼファー,Sugary Wind,3,2025-01-31,バレゼファー,0
character_variant_000199,character_000108,［志、高し、強し！］ツルマルツヨシ,志、高し、強し！,2,2025-02-14,通常ツヨシ,1
character_variant_000200,character_000109,［総攬］オルフェーヴル,総攬,3,2025-02-24,通常オルフェ,1
character_variant_000201,character_000110,［すまいる・まい・うぇい！］グランアレグリア,すまいる・まい・うぇい！,3,2025-03-11,通常グラン、おはマイル,1
character_variant_000202,character_000111,［紅色塗早駆具足］ノーリーズン,紅色塗早駆具足,3,2025-03-21,通常ズン子、通常ノリズ,1
character_variant_000203,character_000087,［Tap! Tap! Tap!］タップダンスシチー,Tap! Tap! Tap!,3,2025-03-31,ダンスタップ,0
character_variant_000204,character_000080,［With a Twist］タニノギムレット,With a Twist,3,2025-03-31,ダンスギム,0
character_variant_000205,character_000083,［Louve stellaire］シリウスシンボリ,Louve stellaire,3,2025-04-10,青シリウス,0
character_variant_000206,character_000112,［義心の黒焔］フェノーメノ,義心の黒焔,3,2025-04-21,通常メノ,1
character_variant_000207,character_000062,［光彩陸離☆招福衣］コパノリッキー,光彩陸離☆招福衣,3,2025-04-30,マーチリッキー,0
character_variant_000208,character_000031,［ルミナス☆トワラー］スマートファルコン,ルミナス☆トワラー,3,2025-04-30,青ファル子、マーチファル子,0
character_variant_000209,character_000113,［Le beau sommet］ヴィルシーナ,Le beau sommet,3,2025-05-12,通常シーナ,1
character_variant_000210,character_000114,［9927 Wishes］ラヴズオンリーユー,9927 Wishes,3,2025-05-21,通常ラヴズ,1
character_variant_000211,character_000086,［Untouchable Eden］メジロラモーヌ,Untouchable Eden,3,2025-05-30,嫁ラモ,0
character_variant_000212,character_000102,［Twinbell Queen］シーザリオ,Twinbell Queen,3,2025-05-30,嫁ザリオ,0
character_variant_000213,character_000115,［陸離の編纂者］クロノジェネシス,陸離の編纂者,3,2025-06-13,通常クロノ,1
character_variant_000214,character_000036,［Boho Flare］ゴールドシチー,Boho Flare,3,2025-06-27,夏シチー、無人島シチー,0
character_variant_000215,character_000056,［Hello Hello Island］アイネスフウジン,Hello Hello Island,3,2025-07-11,夏アイネス、無人島アイネス,0
character_variant_000216,character_000116,［Assorted Cuteness］フサイチパンドラ,Assorted Cuteness,3,2025-07-22,通常フサパン,1
character_variant_000217,character_000095,［Eternal Fairytale］ラインクラフト,Eternal Fairytale,3,2025-07-22,ドレスクラフト、配布クラフト,0
character_variant_000218,character_000088,［晴島花麗］サトノクラウン,晴島花麗,3,2025-07-31,水着クラウン、水クラ,0
character_variant_000219,character_000089,［夏凪ネイビードロップ］シュヴァルグラン,夏凪ネイビードロップ,3,2025-07-31,水着シュヴァル,0
character_variant_000220,character_000090,［Éclat d'été］ヴィブロス,Éclat d'été,3,2025-08-14,水着ヴィブロス,0
character_variant_000221,character_000117,［緋想の誓衣］スティルインラブ,緋想の誓衣,3,2025-08-24,通常スティル,1
character_variant_000222,character_000085,［秋日色アンダンテ］ケイエスミラクル,秋日色アンダンテ,3,2025-08-29,秋ケイエス,0
character_variant_000223,character_000079,［ハッピー・リトル・ノーツ］ヒシミラクル,ハッピー・リトル・ノーツ,3,2025-08-29,秋ミラ子,0
character_variant_000224,character_000118,［Red Devil Gear］エスポワールシチー,Red Devil Gear,3,2025-09-09,通常エスポ,1
character_variant_000225,character_000119,［精粋］ビリーヴ,精粋,3,2025-09-19,通常ビリーヴ,1
character_variant_000226,character_000039,［マジックナイトガーランド］ヒシアケボノ,マジックナイトガーランド,3,2025-09-29,サーカスボノ,0
character_variant_000227,character_000081,［トリック☆リボネッタ］マーベラスサンデー,トリック☆リボネッタ,3,2025-09-29,サーカスマベ,0
character_variant_000228,character_000043,［Highkey☆Hallowed］トーセンジョーダン,Highkey☆Hallowed,3,2025-10-10,赤ジョーダン、サーカスジョーダン,0
character_variant_000229,character_000120,［まんなか◎スポットライト］ダンツフレーム,まんなか◎スポットライト,3,2025-10-18,通常ダンツ,1
character_variant_000230,character_000094,［宵闇ネオカグラ］トランセンド,宵闇ネオカグラ,3,2025-10-29,温泉トラン、青トラン,0
character_variant_000231,character_000068,［柔灯・湯の香の装い］ワンダーアキュート,柔灯・湯の香の装い,3,2025-11-10,温泉アキュ,0
character_variant_000232,character_000121,［Heroína Inocente］ブエナビスタ,Heroína Inocente,3,2025-11-19,通常ブエナ,1
character_variant_000233,character_000067,［祝祭遊戯］ナカヤマフェスタ,祝祭遊戯,3,2025-11-28,クリフェスタ、クリスマスナカヤマ,0
character_variant_000234,character_000099,［雪白の夢路］ドリームジャーニー,雪白の夢路,3,2025-11-28,クリドリジャ、白ドリジャ,0
character_variant_000235,character_000005,［シンデレラグレイ］オグリキャップ,シンデレラグレイ,3,2025-12-11,シングレオグリ,0
character_variant_000236,character_000122,［Sunlit Outsider］ステイゴールド,Sunlit Outsider,3,2025-12-21,通常ステゴ,1
character_variant_000237,character_000093,［逍遥、整然たる路を］イクノディクタス,逍遥、整然たる路を,3,2025-12-26,正月イクノ,0
character_variant_000238,character_000077,［Nouvelle pousse］サクラローレル,Nouvelle pousse,3,2025-12-26,正月ローレル,0
character_variant_000239,character_000104,［暁光］バブルガムフェロー,暁光,3,2026-01-08,正月バブル,0
character_variant_000240,character_000123,［Miracle Author］キセキ,Miracle Author,3,2026-01-19,通常キセキ,1
character_variant_000241,character_000006,［Baa Baa Patisserie］タイキシャトル,Baa Baa Patisserie,3,2026-01-30,バレタイキ,0
character_variant_000242,character_000096,［ソナタ・アッラ・メンタ］サウンズオブアース,ソナタ・アッラ・メンタ,3,2026-01-30,バレアース,0
character_variant_000243,character_000124,［Inspiring Genius］ロイスアンドロイス,Inspiring Genius,2,2026-02-14,通常ロイス,1
character_variant_000244,character_000125,［The Changer］アーモンドアイ,The Changer,3,2026-02-24,通常アモアイ,1
character_variant_000245,character_000114,［Love-Linked Aster］ラヴズオンリーユー,Love-Linked Aster,3,2026-03-11,ドレスラヴズ,0
character_variant_000246,character_000126,［Lueur Angélique］ヴィクトワールピサ,Lueur Angélique,3,2026-03-19,通常ピサ,1
character_variant_000247,character_000021,［春雷の韋駄天］サクラバクシンオー,春雷の韋駄天,3,2026-03-30,ダンスバクシン,0
character_variant_000248,character_000097,［水縹の一閃］ノースフライト,水縹の一閃,3,2026-03-30,ダンスフライト、ドレスフライト,0
character_variant_000249,character_000127,［万折不撓の纏］ラッキーライラック,万折不撓の纏,3,2026-04-10,通常ラック、通常ララ,1
character_variant_000250,character_000128,［Glacial Queen］アドマイヤグルーヴ,Glacial Queen,3,2026-04-20,通常アルヴ、青アルヴ,1
character_variant_000251,character_000098,［ヴァーミリオン・ヘッド］ジャングルポケット,ヴァーミリオン・ヘッド,3,2026-04-30,赤ポッケ,0
character_variant_000252,character_000035,［ブランシュ・エトワール］フジキセキ,ブランシュ・エトワール,3,2026-04-30,白フジ,0
character_variant_000253,character_000129,［Daring Darling!］デアリングハート,Daring Darling!,3,2026-05-11,通常デアハ,1
character_variant_000254,character_000130,［Divine Raiment］レッドディザイア,Divine Raiment,3,2026-05-20,通常ディザイア、赤ディザ,1
character_variant_000255,character_000042,［幽玄薔薇］マンハッタンカフェ,幽玄薔薇,3,2026-05-29,嫁カフェ,0
character_variant_000256,character_000101,［La dama perfetta］ジェンティルドンナ,La dama perfetta,3,2026-05-29,嫁ドンナ、嫁ジェンティル,0
character_variant_000257,character_000131,［花宿しのクチュール］カレンブーケドール,花宿しのクチュール,3,2026-06-15,通常ブーケ,1
character_variant_000258,character_000084,［万福龍湯伝・頂］ナリタトップロード,万福龍湯伝・頂,3,2026-06-29,ラーメントプロ、麺トプロ,0
character_variant_000259,character_000045,［麺華煌彩伝・極］ファインモーション,麺華煌彩伝・極,3,2026-07-10,ラーメンファイン、麺ファイン,0
character_variant_000260,character_000132,［Monochrome GM］ルーラーシップ,Monochrome GM,3,2026-07-21,通常ルーラー、通常ルラシ,1
character_variant_000261,character_000033,［渚のきまぐれオランジュ］セイウンスカイ,渚のきまぐれオランジュ,3,2026-07-30,夏ウンス、水着ウンス,0
character_variant_000262,character_000053,［海辺のエレガンスシフォン］メジロブライト,海辺のエレガンスシフォン,3,2026-07-30,夏ブライト、水着ブライト,0
character_variant_000263,character_000116,［Snatchin' Hearts ♡］フサイチパンドラ,Snatchin' Hearts ♡,3,2026-08-14,水着フサパン,0
character_variant_000264,character_000133,［Fate's Chosen Star］エピファネイア,Fate's Chosen Star,3,2026-08-24,通常エピ,1
character_variant_000265,character_000072,［ガブガブ☆スキャンプ］シンコウウインディ,ガブガブ☆スキャンプ,3,2026-08-31,秋ウインディ,0
character_variant_000266,character_000112,［剛毅なる紫焔］フェノーメノ,剛毅なる紫焔,3,2026-08-31,秋メノ,0
character_variant_000267,character_000134,［絶佳の暁闇］ファレノプシス,絶佳の暁闇,3,2026-09-11,通常ファレノ,1
character_variant_000268,character_000135,［Éclat de Roseraie］ローズキングダム,Éclat de Roseraie,3,2026-09-18,通常ローズ,1
character_variant_000269,character_000008,［Adamant Sovereign］シンボリルドルフ,Adamant Sovereign,3,2026-09-30,黒ルドルフ,0
character_variant_000270,character_000015,［悠久なるヘカテイア］エアグルーヴ,悠久なるヘカテイア,3,2026-09-30,黒エアグル、黒グル,0
